name,adress,lattitude,longitude
Школа № 1239,"Вспольный переулок, дом 6, строение 3",55.760292,37.588808
Школа № 1231 имени В.Д. Поленова,"Спасопесковский переулок, дом 6, строение 7",55.749866,37.589033
Школа № 1277 с углубленным изучением немецкого языка (СП СОШ №1501),"Сущевская ул., д. 32",55.783848,37.602067
Пятьдесят седьмая школа,"Малый Знаменский переулок, 7/10 стр. 5",55.748615,37.604987
Школа № 1535,"ул. Усачева, д.50",55.725803,37.564931
Школа № 2107,"Большая Переяславская улица, дом 1, строение 1",55.78035,37.64268
Открытая (сменная) школа № 88,"Средняя Калитниковская улица, д. 9-11, стр. 1",55.736741,37.681263
Школа № 315,"Русаковская ул, д. 10, стр. 1",55.782466,37.674705
Школа № 354 имени Д.М. Карбышева,"Лефортовский переулок, дом 10",55.769276,37.677975
Школа № 1501,"Тихвинский переулок, дом 3",55.787705,37.595761
Школа № 1574,"1-я Миусская улица, дом 4",55.779737,37.596965
Инженерная школа № 1581,"Большой Полуярославский пер., д.7/4, стр. 1 - 1А",55.752607,37.663243
Лицей НИУ ВШЭ,"Большой Харитоньевский переулок, д. 4",55.763554,37.64374
Предуниверситарий РГГУ,"Миусская площадь, д. 6",55.77797,37.596246
Центральная музыкальная школа при Московской государственной консерватории имени П.И. Чайковского,"Малый Кисловский переулок, д. 4, стр. 5",55.754735,37.604592
Пушкинская школа № 1500,"Милютинский переулок, д. 18, стр. 2",55.764744,37.633589
Школа № 1520 имени Капцовых,"Леонтьевский переулок, д. 19/2, стр. 1",55.760631,37.604906
Школа № 2054,"ул.Трубная, дом 36",55.772542,37.625936
Академия джаза (ГУДИ),"улица Трёхгорный Вал, дом 2/4, строение 1",55.75859,37.562227
Гимназия № 1513 (немецкое отделение школы №1234),"Новинский бульвар, дом 3, стр.2",55.751249,37.580912
Школа № 1529 имени А.С. Грибоедова,"2-й Обыденский переулок, дом 9",55.741333,37.603505
Школа № 91,"ул.Поварская, д.14",55.754142,37.597163
Школа № 1270 Вектор,"Товарищеский пер., д. 21",55.743796,37.664824
Школа № 1297,"Глинистый пер., д. 7, стр. 1",55.787548,37.63729
Экономический лицей РЭУ им. Г.В.Плеханова,"ул. Зацепа, дом 41, корп. 4",55.729012,37.629215
Школа № 480 им. В.В.Талалихина,ул. Средняя Калитниковская 22 стр.1,55.735302,37.68465
Школа № 498,"ул. Народная, д. 11/2",55.737613,37.651987
"Вальдорфская школа имени А.А. Пинского, СП СОШ № 627","Стремянный пер., д. 33/35",55.726051,37.627642
Школа № 123,"Хлыновский тупик, дом 3, строение 5",55.757941,37.602436
Школа № 1247 имени Юргиса Балтрушайтиса,"Госпитальный пер., д. 3",55.770993,37.687497
Школа № 1468,"Брошевский пер, д.21",55.735125,37.672594
Школа № 1621 Древо Жизни,"Малый Козловский пер., д. 3",55.764941,37.649265
Школа № 2030,"2-я Звенигородская ул., д.8",55.75941,37.555723
Школа № 171,"2-я Фрунзенская улица, дом 7А",55.722223,37.57943
Школа № 179,"ул. Большая Дмитровка, дом 5/6, строение 7",55.759653,37.614734
Школа № 627 имени Генерала Д.Д. Лелюшенко,"Дубининская улица, дом 42",55.724489,37.635072
"Школа № 1216 с углубленным изучением французского языка, СП СОШ № 1468 ","Брошевский переулок, дом 21",55.735125,37.672594
ГБОУ СОШ № 1275 (сп школы 1501),"улица Достоевского, дом 25, строение 1",55.783818,37.606784
Школа № 2104 на Таганке,"1-й Котельнический переулок, дом 5",55.743613,37.646345
Школа № 1259,"5-й Монетчиковский переулок, дом 7",55.732033,37.632089
Московская средняя специальная музыкальная школа-колледж МССМШ имени Гнесиных,"ул. Знаменка, д. 12/2 стр.3",55.750803,37.605068
Физико-математическое отделение Школы № 2107,"Б. Переяславская улица, дом 1, стр 1",55.78035,37.64268
Романовская школа,"Большой Кондратьевский переулок, дом 3",55.772573,37.58226
Школа № 1253,"Зубовский бульвар, дом 5, строение 1",55.734831,37.592599
Школа № 1799,"1-й Кадашёвский переулок, дом 3, строение 1",55.744171,37.621435
Гимназия РГУ им. А.Н.Косыгина,"ул. Садовническая, 33 стр.1",55.745605,37.637596
Школа № 2123 имени Мигеля Эрнандеса,"Столовый переулок, дом 10/2, строение 1",55.756756,37.594755
Школа-интернат II вида № 22 для детей с нарушениями слуха (СП школы №1501),"ул. Малая Дмитровка, дом 14А, с. 5",55.770031,37.607044
Предуниверситарий МГЛУ им. М.Тореза (Лингвистический лицей № 1555),"ул. Остоженка, д. 38",55.738759,37.593983
Школа № 1950,"Зоологическая улица, дом 28, строение 1",55.766354,37.584451
Школа Покровский квартал,"Большой Казённый переулок, дом 9",55.760373,37.655634
Школа на Яузе,"Кондрашёвский тупик, дом 3А",55.768851,37.687973
Школа № 1234,"улица Большая Молчановка, дом 26-28",55.753494,37.590192
Школа № 1284,"Уланский переулок, дом 8",55.767914,37.637919
Школа № 1540,"ул. Новослободская, д. 57 стр. 1",55.78692,37.592213
Школа № 1241 На Красной Пресне,"Большой Трёхгорный пер., д. 3",55.760165,37.563521
Школа № 345 имени А.С. Пушкина,"Елоховский пр., д. 1, стр. 5",55.772998,37.672666
Школа № 518,"Садовническая набережная, д. 37",55.743634,37.63721
Школа № 1331 Молодая Иверия,пер. Сивцев Вражек д. 20,55.747844,37.593938
Школа № 1429 имени Героя Советского Союза Н.А. Боброва,"Переведеновский пер., д. 11",55.778877,37.686662
Школа межкультурных коммуникаций № 1650,"ул. Солянка, д. 14 А",55.752293,37.637389
Школа № 2055 имени Героев Советского Союза Анатолия Живова и Юрия Костикова,"ул. 2-я Черногрязская, д. 7",55.763417,37.547028
Школа № 2124 Центр развития и коррекции,"пер. Тружеников 1-ый, д. 18",55.737015,37.571471
Кадетская школа-интернат № 1 Первый Московский кадетский корпус,"улица Вучетича, дом 30, строение 1",55.815741,37.559685
Медицинский Сеченовский Предуниверсарий,"1-я Бородинская улица, 2",55.74677,37.570132
Школа № 630 имени дважды Героя Советского Союза Г.П. Кравченко,Варшавское шоссе д.12.,55.697163,37.61963
Школа № 1525,"2-й Красносельский пер., д 18",55.784364,37.6698
Школа имени В.В. Маяковского,"ул. 1-я Дубровская, д. 16",55.723268,37.671624
Первый Московский Образовательный Комплекс,"ул. Тихомирова, д.10, корп.1",55.883772,37.652445
Кадетская школа-интернат № 1 Первый Московский кадетский корпус,"улица Вучетича, дом 30, строение 1",55.815741,37.559685
Школа № 1252 имени Сервантеса,"Дубосековская улица, дом 3",55.809975,37.496515
Школа № 1211 с углубленным изучением немецкого языка (СП СОШ № 1794),"Дубнинская ул., д. 8А",55.861166,37.570716
Школа № 1288 имени Героя Советского Союза Н.В. Троян,"Хорошёвское шоссе, дом 3",55.773601,37.54241
Школа № 1249,"Чапаевский переулок, дом 6, строение 2",55.80104,37.518138
Школа № 149 имени Героя Советского Союза Ю.Н. Зыкова,Врубеля ул. д. 6,55.805523,37.500612
"Школа № 185 имени Героя Советского Союза, Героя Социалистического Труда В.С. Гризодубовой","Михалковская улица, д. 3",55.836888,37.535475
Школа № 201 ордена Трудового Красного Знамени имени Героев Советского Союза Зои и Александра Космодемьянских,"улица Зои и Александра Космодемьянских, д. 3, к. 1",55.821386,37.504322
Школа № 648 имени Героя Российской Федерации А.Г. Карлова,"Флотская улица, д. 11",55.855588,37.501609
Школа № 1251 имени генерала Шарля де Голля,"улица Сальвадора Альенде, д. 9",55.794143,37.506783
Школа № 1287,"проезд Аэропорта, д. 10",55.796385,37.520914
Школа № 1409,"Ходынский бульвар, д. 7",55.784369,37.531702
Школа № 1454 Тимирязевская,"Тимирязевская улица, д. 14а",55.813334,37.568929
Школа № 1576,"Большая Академическая улица, д. 22а",55.822883,37.529367
Школа № 1590 имени Героя Советского Союза В.В. Колесника,"Фестивальная улица, д. 69",55.862196,37.503064
Школа № 1592 имени Героя Российской Федерации Е.Н. Чернышёва,"Бескудниковский проезд, д. 4б",55.875178,37.555571
Школа № 2100,"Дегунинская улица, д. 18",55.867218,37.534191
Колледж предпринимательства № 11,"Ленинградское ш., 13А",55.81823,37.496192
Школа № 1583 имени К. А. Керимова,"Смольная улица, дом 25",55.849782,37.494575
Предуниверсарий МАИ,"ул. Острякова, д. 15а",55.79852,37.523348
Школа № 1315,"Конаковский пр., д. 5",55.845895,37.481145
Школа № 152,"1-я Аэропортовская ул., д. 1",55.800934,37.535233
Школа № 167 имени Маршала Л.А. Говорова,"Ленинградское шоссе, д. 94 А",55.856093,37.473267
Школа № 224,"Лениградское ш., д. 54",55.837803,37.484406
Школа № 597 Новое поколение,"Петрозаводская ул., д. 19А",55.866081,37.489787
Инженерно-техническая школа имени дважды Героя Советского Союза П.Р. Поповича,"ул. 8 Марта, д. 17",55.805907,37.54833
Кадетская школа № 1784 имени генерала армии В.А. Матросова,"ул. Скаковая, д. 20, стр. 1",55.780016,37.56883
Школа № 90 имени Героя Советского Союза Е.Г. Ларикова,"4-й Новоподмосковный переулок, дом 2А",55.822079,37.504196
Школа № 1384 имени А.А. Леманского,"Новопесчаная улица, дом 15",55.798272,37.515461
Школа № 141 имени Героя Советского Союза Рихарда Зорге,"улица Зорге, дом 4",55.778866,37.514059
Школа № 158,"Валдайский проезд, дом 14",55.868182,37.468515
Школа № 1296,"Керамический пр., д. 55, корп. 3",55.877344,37.562694
Школа № 2098 Многопрофильный образовательный центр имени Героя Советского Союза Л.М. Доватора,"ул. Ангарская, д. 22А",55.874339,37.519306
Школа № 218,"Дмитровское ш., д. 5а",55.812003,37.575298
Школа № 1794,"Керамический проезд, дом 47А",55.872481,37.566359
Школа Бескудниково,"Бескудниковский бульв., д.50А",55.875395,37.539679
Школа № 1223,"Михалковская улица, дом 13А",55.83846,37.527229
Школа № 1474,"Клинская улица, дом 22",55.871334,37.49064
Политехнический колледж им. Н.Н. Годовикова,"ул. Зои и Александра Космодемьянских, д. 19",55.822711,37.516
Пансион воспитанниц Министерства обороны Российской Федерации,ул. Поликарпова д. 21,55.778674,37.546057
Специальное учебно-воспитательное учреждение № 1,"ул. Михалковская, д. 15А",55.839016,37.526016
Школа № 1550,"ул. Беговая, д. 19",55.782365,37.55982
Школа № 1570,"5-ая ул. Ямского Поля, д. 28/32",55.789158,37.57713
Средняя образовательная школа «Класс - центр»,"улица Большая Академическая, дом 11А",55.821861,37.524749
Школа № 1213,"3-й Нижнелихоборский пр., д. 6-а",55.844036,37.565452
Школа № 1250,"Ленинградское ш, д. 27",55.829699,37.485197
Школа № 1383,"ул. Дубнинская, д.7",55.857801,37.56644
Школа № 183,"ул. Дубнинская, д. 41",55.868263,37.561437
Школа № 216,"ул. Вучетича, д. 6",55.808447,37.560754
Школа № 222,"ул. 800-летия Москвы, д. 7 А",55.881636,37.561895
Школа № 236 имени Героя Советского Союза Г. И. Щедрина,"Коровинское ш. , д. 24А",55.882172,37.521857
Школа Перспектива,"ул. Синявинская, д. 11А",55.945685,37.347027
Школа № 656 имени А.С. Макаренко,"Бескудниковский блв., д. 29",55.870799,37.552804
Школа № 717,"ул. Зои и Александра Космодемьянских, д. 4А",55.817421,37.504861
Школа № 727,"3-й Лихачевский пер., д. 2А",55.846851,37.516844
Школа № 744 имени Петра Николаевича Еремеева,"Ленинградское шоссе, д. 30",55.829112,37.491009
Школа № 771,"ул. Софьи Ковалевской, д. 8 А",55.882611,37.53437
Школа № 1125 имени Я.Н. Федоренко,"ул. Бусиновская Горка, д. 7, к. 2",55.882389,37.492446
Школа № 1159,"Солнечногорский пр., д. 7",55.859029,37.523034
Школа № 1164,"ул. Писцовая, д. 7А",55.797291,37.574399
Школа № 1601 имени Героя Советского Союза Е.К. Лютикова,"ул. Нижняя Масловка, д. 16",55.792296,37.573474
Школа Дмитровский имени Героя Советского Союза В.П. Кислякова,"Дмитровское ш., д. 137А",55.892309,37.540003
Школа № 1678 Восточное Дегунино,"ул. Дубнинская , д. 46, корп.2",55.891451,37.560763
Центр образования Школа здоровья № 1679,"Новопетровская ул., д. 1а",55.827661,37.519225
Школа № 2099,"ул. 3-я Радиаторская, д. 8А",55.817502,37.493263
Школа Технологии обучения,"ул. Красноармейская, д. 15",55.800084,37.541871
Кадетская школа-интернат № 1 Первый Московский кадетский корпус,"улица Вучетича, дом 30, строение 1",55.815741,37.559685
Медицинский Сеченовский Предуниверсарий,"1-я Бородинская улица, 2",55.74677,37.570132
Школа Технологии обучения,"ул. Красноармейская, д. 15",55.800084,37.541871
Школа с углубленным изучением отдельных предметов № 1973,"улица Лобачевского, дом 92",55.680722,37.484559
Школа Интеллектуал,"ул. Кременчугская, д. 13",55.718141,37.464203
Школа № 814,"Веерная улица, дом 5, корпус 3",55.706543,37.474731
Школа № 1018,"улица Шолохова, дом 20",55.640985,37.351078
"Колледж градостроительства, транспорта и технологий № 41","Бобруйская улица, дом 7",55.736194,37.399506
Школа № 1306 - Школа молодых политиков,"Мичуринский проспект, дом 15, корпус 2",55.69799,37.509128
Школа № 1542,"улица Авиаторов, дом 8, корпус 2",55.646584,37.399964
Московская школа на Юго-Западе № 1543,"ул 26 Бакинских комиссаров, д4. к5",55.658149,37.492733
Школа № 67,"Кутузовский проезд, д.10",55.741409,37.523366
Школа № 1584,"Рублевское ш. , д.24, корп.3",55.745123,37.428926
Школа № 1596,"ул. Приречная, д. 1",55.641615,37.371326
Западный комплекс непрерывного образования,"ул. Гвардейская, д. 15, корп. 2",55.724753,37.422099
Школа № 14,"ул. Академика Анохина, д. 32",55.661983,37.465802
Школа № 64,"ул. Партизанская, д. 30, к. 2, стр. 2",55.73703,37.414176
Школа № 74,"ул. Пырьева, д. 11",55.727759,37.523231
Школа № 37,"улица Столетова, дом 3",55.703271,37.504025
Школа № 72 (ОЦ Протон),"Большая Филёвская улица, дом 15",55.747454,37.498599
Школа № 1248,"ул. Давыдковская, д. 2, корп. 6",55.725554,37.473698
Школа № 1347,"ул. Главмосстроя, д. 28",55.657535,37.406531
Школа № 324 Жар-птица,"ул. Лобачевского, 54",55.672757,37.492805
Школа Интеграл,"ул. Кастанаевская, д. 10",55.740446,37.495419
Образовательный центр Протон,"Филевский блв., д. 3, к. 2",55.764425,37.491359
Школа № 1130,"ул. Осенняя, д. 8, к. 1 и 3",55.762318,37.40433
Школа № 1400,"Можайское шоссе, д. 38, к. 7",55.721016,37.411526
Школа № 1434 Раменки,"ул. Раменки, д. 15, корп. 1",55.690461,37.500405
Школа № 1498 Московская Международная Школа,"Мичуринский просп., д. 23",55.694124,37.507026
Школа № 1589,"Инициативная ул., д. 1",55.716595,37.461095
Центр образования № 1816 (СП СОШ Интеграл),"ул. Кастанаевская, д. 9А",55.737821,37.495096
Центр образования и спорта «Москва-98»,"ул. Удальцова, д. 40",55.684046,37.493533
Школа № 2025,"ул. Большая Очаковская, д. 42, к. 2",55.677473,37.446012
Школа на проспекте Вернадского,"Проспект Вернадского, д. 127, к. 2",55.653101,37.483616
Кадетская школа-интернат № 11 «Московский дипломатический кадетский корпус»,"Оршанская улица, дом 14",55.741647,37.408328
Немецкая школа (Deutsche Schule Moskau) им.Ф.П.Гааза,"проспект Вернадского, 103/5",55.664426,37.495446
Школа № 1440,"Осенний бульвар, дом 10, корпус 3",55.757536,37.412721
Школа № 1497 (ОЦ Протон),"улица Барклая, дом 15, корпус 3",55.74486,37.493075
Школа № 2101,"Малая Филёвская улица, дом 26, корпус 2",55.73626,37.462694
Школа № 1329,"ул. Никулинская, дом 10",55.668935,37.465002
Школа № 1238,"Чоботовская улица, дом 19",55.645207,37.345616
Школа № 1293,"Оршанская улица, дом 10, корпус 1",55.742939,37.410583
Школа Тропарево,"улица Академика Анохина, дом 48",55.653304,37.469665
Школа № 1376,"Лукинская улица, дом 12, корпус 1",55.6486,37.341206
Ломоносовская школа,"Аминьевское шоссе, 18, корп. 4",55.71448,37.455983
Средняя школа-интернат МИД РФ,"Московская область, Щелковский район, поселок Юность",55.920668,38.127178
Школа № 1541,"проспект Вернадского, дом 55",55.672808,37.504483
Школа № 1586,"ул. Дружбы, д. 8",55.709272,37.513556
Московский образовательный комплекс ЗАПАД,"ул. Бобруйская, д. 23",55.738855,37.394
Шуваловская школа № 1448,"Мичуринский проспект, д. 5, к. 1",55.702495,37.512649
Школа № 1593,"ул. Крылатские холмы, д. 28, к. 1",55.764648,37.41467
Школа № 38,"Мичуринский проспект, д. 42",55.696991,37.490003
Школа № 41 имени Григория Алексеевича Тарана,"ул. Большая Внуковская, д. 4",55.614246,37.294718
Школа № 56 имени академика В.А. Легасова,"Кутузовский проспект, д. 22, к. 1",55.746608,37.549588
Школа № 63,"ул. Крылатские холмы, д.23",55.7559,37.412837
Школа № 97,"ул. Кременчугская, д. 46",55.712046,37.456226
Школа № 323,"проспект Вернадского, д. 57",55.672169,37.504762
Школа № 384 имени Д.К. Корнеева,"Беловежская ул., д. 67",55.708415,37.39744
Школа № 587,"Можайское ш., д. 18, корп. 2",55.721549,37.428827
Школа № 712,", Кутузовский проспект, д. 80",55.725732,37.455408
Школа № 806,"ул. Полоцкая, д. 21",55.732352,37.423509
Школа № 809,"Можайское шоссе, д. 50",55.717224,37.405049
Школа № 843,"Мичуринский проспект, Олимпийская деревня, д. 23, д. 23, стр. 1",55.670965,37.457286
Школа № 875,"пр-т Вернадского, д. 101, корп. 5",55.664299,37.491611
Школа № 887,"ул. Молдавская, д. 6, корп. 2",55.731997,37.439706
Школа № 1000,"ул. Наро-Фоминская, д.1",55.657733,37.390604
Школа № 1002,"Солнцевский проспект, д. 12А",55.652883,37.402228
Школа № 1015," Новопеределкинская ул., д. 9 корп. 1",55.63909,37.36352
Школа № 1133,"ул. Крылатские холмы, д. 15, к. 1",55.750869,37.417832
Школа № 1195,"ул. Дорогобужская, д. 13",55.716174,37.415981
Школа № 1432,"ул. Шолохова, д. 19",55.642596,37.341376
Школа № 1436,"ул. Родниковая, д. 20, к. 1",55.634278,37.380992
Школа № 1465 имени адмирала Н.Г. Кузнецова,"ул. Брянская, д. 10",55.745205,37.559892
Школа № 1467,"ул. Шолохова, д. 9",55.638866,37.347656
Школа № 1471,"ул. Крылатская, д. 25",55.770517,37.413646
Школа № 1726,"ул. Дениса Давыдова, д.5",55.738662,37.5183
Школа № 1741,"ул. Никулинская, д. 5",55.666442,37.455543
Школа № 2127,"Салтыковская улица, дом 13Б",55.737796,37.863369
Школа № 429 Соколиная гора,"проспект Будённого, дом 15А",55.77551,37.725047
Школа № 1310,"ул. Перовская, д.44 А",55.743198,37.782135
Школа № 1598,"ул. Хабаровская, д. 18 А",55.824577,37.829512
Лицей гуманитарных технологий МПГУ,"улица 3-я Владимирская, дом 7",55.761436,37.786941
Школа № 1502 при МЭИ,"ул. Молостовых, д. 10а",55.760282,37.830204
Школа № 1505 Преображенская,"ул 2-Пугачевская, д. 6А",55.7956,37.728703
Школа № 1516,"ул. Хабаровская, д. 4а",55.81652,37.831767
Школа № 1290,"Первомайская улица, дом 59",55.793723,37.793157
Школа № 1389 (СП Вешняковской школы),"ул. Кетчерская, д. 8А",55.742732,37.82546
Школа № 1404 Гамма,"ул. Большая Оленья, д. 3",55.803767,37.688126
Школа № 1504,"улица Сталеваров, дом 10А",55.76209,37.837992
Измайловская школа № 1508,"Первомайская улица, дом 65",55.793743,37.795744
Школа № 1512,"Косинская улица, дом 24А",55.718187,37.830114
Школа № 1530 Школа Ломоносова,"Егерская улица, дом 4",55.793141,37.684775
Школа № 1637,"3-я Владимирская улица, дом 12А",55.759527,37.783635
Школа № 1748 Вертикаль,"Сиреневый блв., д. 73, к. 3",55.804855,37.827841
Школа № 1797 Богородская,"ул. 3-я Гражданская, д. 64",55.808467,37.711779
Школа № 1798 Феникс,"Зеленый просп., д.75, стр.1.",55.753129,37.813243
Школа № 2072,"ул. Утренняя, д. 12",55.74747,37.792753
Школа № 2200,"ул. 11-я Парковая, д. 50",55.807294,37.806299
Школа Новокосино,"ул. Суздальская, д. 24Б",55.742372,37.859013
Школа № 1362 с углубленным изучением английского языка,"ул. Лечебная, д. 20",55.78978,37.740812
Школа № 319,"ул. Амурская, д. 6",55.806651,37.759803
Колледж музыкально-театрального искусства (КМТИ) имени Г.П. Вишневской,"улица Суздальская, 40б",55.744961,37.874787
Школа № 1360,"Краснобогатырская улица, дом 21А",55.812787,37.701879
Технологический колледж № 21,"ул. Вербная, д.4, стр. 1",55.824319,37.776745
Школа самоопределения № 734 имени А.Н. Тубельского,"Сиреневый бульвар, дом 58А",55.801293,37.82449
Вешняковская школа,"Аллея Жемчуговой, д. 7",55.732945,37.827257
Школа № 1947 (СОШ № 1362),"ул. Щербаковская, д. 36",55.781955,37.732386
Школа № 2031,"ул. Дмитриевского, д.  13",55.710058,37.890831
Школа № 2036,"ул. Татьяны Макаровой, д. 2",55.710453,37.88704
Школа № 2126 Перово,"ул. Плющева, д. 11А",55.7426,37.762668
Школа № 444,"Нижняя Первомайская ул., 14",55.790676,37.796562
Школа с углубленным изучением немецкого языка № 1269 (ММШ),"3-я Владимирская улица, дом 26А",55.754993,37.786267
Школа № 1294 с углубленным изучением немецкого языка (СП СОШ №1797 «Богородская»),"Глебовская улица, дом 10Б",55.811776,37.715022
Школа № 2026,"улица Медведева, дом 6",55.717366,37.883671
Школа № 1811 Восточное Измайлово,"Первомайская улица, дом 111",55.793915,37.814717
Школа № 1282 Сокольники,"улица Барболина, дом 1",55.789775,37.684766
Школа № 1324,"Федеративный проспект, дом 27",55.754856,37.820196
Школа № 1352,"Щёлковское шоссе, дом 77А",55.813329,37.804072
Школа № 2033,"Щёлковское шоссе, дом 26А",55.808093,37.779628
"Школа № 1301 имени Е.Т. Гайдара, СП СОШ № 1362","Измайловское шоссе, дом 60",55.780066,37.738288
Школа № 1795 Лосиноостровская,"Открытое шоссе, д. 23А.",55.827085,37.752975
Школа № 402 имени Алии Молдагуловой,"ул. Косинская, д. 10А",55.723982,37.834821
Школа № 1476,"ул. Челябинкая, д. 20",55.776912,37.831156
Школа № 1563,"13-я Парковая ул., д. 33.",55.807486,37.810414
Школа № 1591,"ул. Новокосинская, д. 40А",55.74186,37.872101
Прогимназия № 1752 в Сокольниках,"ул. Большая Остроумовская, д. 7",55.793095,37.685242
Гимназия № 1925,"ул. Новокосинская, д. 13А",55.735439,37.852769
Школа № 368 Лосиный остров,"ул. Уссурийская, д. 12",55.822084,37.817834
Школа № 1246,"Открытое шоссе, д.29А",55.829067,37.761276
Школа № 1373,"ул. Чечулина, д. 28",55.781023,37.836645
Школа № 356 имени Н.З. Коляды,"Сиреневый блв., д. 55",55.803894,37.815301
Школа № 362,"ул. Ивантеевская, д.32А",55.813506,37.728586
Школа № 374,"ул. Миллионная, д. 5, к. 1",55.816293,37.696759
Школа № 386,"ул. Бойцовая, д. 6, к. 8А",55.809393,37.720286
Школа с углубленным изучением экологии № 390 имени генерала П.И. Батова,"Маршала Рокоссовского бульв., д. 34/2",55.818088,37.715686
Школа № 399,"ул. 5-я Парковая, д. 49",55.805579,37.786411
Школа № 400,"Шоссе Энтузиастов, д. 100А",55.77317,37.835692
Школа № 423,"Федеративный проспект, д. 1А",55.758499,37.797038
Школа с углубленным изучением экологии № 446,"Нижний Журавлев пер., д.3.",55.78359,37.706164
Школа № 448,"пос. Акулово, д.43А.",56.003417,37.792519
Школа № 633,Федеративный проспект д. 37 а,55.754405,37.827419
Школа № 664,"ул. Главная, д. 13",55.819545,37.866585
Школа № 799,"ул. Саянская, 3А",55.768694,37.825451
Школа № 810,"ул. Красный Казанец, 3А",55.724358,37.806407
СОШ № 892,"ул. Реутовская, д. 2 А",55.740907,37.832827
Школа № 920,"ул. Перовская, д. 37.",55.746669,37.778218
Школа № 922,"ул. Молостовых, д. 6А.",55.763179,37.826898
Школа № 1021,"ул. Главная, д.9А",55.819762,37.863585
Школа № 1022,"ул. Муромская, д. 1А",55.71338,37.85259
Школа № 1076,"ул. Новосибирская, д.3А",55.813061,37.818265
Школа № 1078,"ул. Алтайская , д. 10А",55.818887,37.807979
Школа № 1349,"ул. Открытое шоссе, д. 6, к. 12",55.809398,37.735261
Центр образования № 1483,"7-я Парковая ул., д. 1 А",55.790074,37.792609
Центр образования № 1602,"ул. Златоустовская, д. 3",55.7035,37.864627
Школа № 2093 им. А.Н. Савельева,"Союзный проспект, д.2",55.750459,37.80338
Школа № 2094,"Измайловский бульв., д.7 , стр 1",55.797604,37.784803
Школа № 2128 Энергия,"ул. Суздальская, д. 12В, стр.1",55.738987,37.85047
Школа № 1080,"Знаменская улица, дом 12/4",55.801708,37.72051
"Колледж Архитектуры, Дизайна и Реинжиниринга № 26","ул. Цимлянская, д. 7, стр.1",55.668686,37.76999
Московский колледж архитектуры и градостроительства,"Анадырский пр., д. 79, стр.1-2",55.884115,37.712812
Школа № 630 имени дважды Героя Советского Союза Г.П. Кравченко,Варшавское шоссе д.12.,55.697163,37.61963
Школа Технологии обучения,"ул. Красноармейская, д. 15",55.800084,37.541871
"Колледж Архитектуры, Дизайна и Реинжиниринга № 26","ул. Цимлянская, д. 7, стр.1",55.668686,37.76999
Школа № 514,"Коломенская набережная, дом 16",55.67722,37.700002
Школа № 1207,"Домодедовская улица, дом 24, корпус 7",55.60546,37.709236
Школа № 996,"Борисовский проезд, д. 13",55.626614,37.723358
Лицей № 1451 (СП СОШ № 630),"Мытная улица, дом 50, корпус 3",55.718623,37.616593
Школа № 1553 имени В.И. Вернадского,"Дербеневская улица, дом 13",55.720966,37.649103
Технологический колледж № 34,"Нагатинская улица, дом 4, корпус 1",55.680336,37.629754
Художественная школа №548 «Царицыно»,"ул. Маршала Захарова, д.8, к.1",55.623326,37.702337
Колледж декоративно-прикладного искусства имени Карла Фаберже,"ул. Якорная, д. 6, к. 1",55.685802,37.682134
Школа № 1257,"Павловская улица, дом 8А",55.714328,37.625648
Школа № 1272,"1-й Кожуховский пр., д. 17",55.70807,37.663925
Школа № 1526 на Покровской,"Дорожная улица, дом 20А",55.602342,37.620968
Школа № 1527,"проспект Андропова, дом 17, корпус 5",55.682559,37.668848
Школа № 1569 Созвездие,"улица Мусы Джалиля, дом 36, корпус 2",55.617154,37.738818
Школа № 1636 НИКА,"ул. Елецкая, д. 12, корп. 3",55.606848,37.72917
Школа № 982 имени маршала П.П. Полубоярова (СП СОШ № 2000),"ул. Кошкина, д.13, кор. 2.",55.640878,37.674678
Школа № 1242 (СП №5 СОШ № 667),"Мосва, Востряковский пр., д. 3А",55.584543,37.641378
Школа № 426 (СП № 7 СОШ № 939),"Борисовский пр., д. 10, к. 2",55.624596,37.719908
Школа № 544,"Каширское ш., д.116. к. 3",55.606761,37.714806
Школа № 667 имени Героя Советского Союза К.Я. Самсонова,"Востряковский пр., д. 13А",55.577739,37.645276
Школа № 896 (СП СОШ № 1636),"ул. Воронежская, д. 26, корп. 4",55.608317,37.736967
Школа № 902 Диалог,"ул. Ряжская, д. 11",55.591126,37.667995
Школа № 939,"Борисовский пр., д. 40, к. 2",55.616163,37.72573
Школа № 947,ул. Лебедянская д. 16,55.58497,37.674552
Хореографический колледж «Школа классического танца»," улица Восточная, дом 4, корп. 1",55.714414,37.657907
Школа № 1770,"Коломенская набережная, дом 20",55.675966,37.69542
Центр спорта и образования (ЦОС) «Чертаново»,"ул. Чертановская, д.7, корп.3",55.629684,37.604331
Школа № 1450 Олимп,"ул. Фруктовая, д.9",55.658439,37.612308
Школа № 1861 Загорье,"Загорьевский пр., д. 13",55.577989,37.680077
Школа № 1998 Лукоморье,"ул. Борисовские пруды, д.12, корп. 3.",55.634568,37.742187
Школа № 2000,"Кантемировская ул., д. 22, к. 6",55.64222,37.659973
Школа № 2116 Зябликово,"Задонский пр., д. 34, к. 3",55.620337,37.75497
Школа № 548 Царицыно,ул. Домодедовская д. 35 корп. 2,55.601747,37.717115
Школа № 1034 имени Героя Советского Союза В.В. Маркина,"Братеевская улица, дом 8, корпус 2",55.631341,37.759282
Лицей № 1523 Предуниверситария НИЯУ МИФИ,"Кленовый бульвар, дом 21",55.676631,37.681299
Школа № 1158,"микрорайон Северное Чертаново, к 809",55.634852,37.59657
Школа № 1245,"Кировоградская улица, дом 42, корпус 2",55.599641,37.59339
Школа № 1375,"Нагатинская набережная, дом 24",55.681087,37.656586
Школа № 1466 имени Надежды Рушевой,"Ереванская улица, дом 20, корпус 2",55.628784,37.674067
Школа № 1862,"Черноморский бульвар, дом 6, строение 1",55.646172,37.613728
Школа № 504,"Варшавское шоссе, д. 67",55.663918,37.621579
Школа № 507,"ул. Садовники, д. 12",55.668635,37.653748
Лицей № 1828 Сабурово,"Каширское ш., д. 55, корп. 7",55.639801,37.697478
Центр инклюзивного образования Южный,"ул. Ереванская, д. 19",55.629816,37.675271
Школа № 1552,"ул. Мусы Джалиля, д. 25.",55.619605,37.746588
Школа № 1579,"Москва,Пролетарский проспект д. 7 корп. 3",55.646472,37.659182
Школа № 1582,"ул. Кировоградская, д. 18, корп. 4",55.617805,37.601268
Школа с углубленным изучением отдельных предметов № 879,"ул. Красного Маяка, 3 Г",55.609701,37.595968
Школа № 978,"1-й Нагатинский пр., д.16",55.676605,37.631775
Школа с углубленным изучением отдельных предметов № 1073,"Старокаширское шоссе, д.2, корп.11",55.659993,37.626645
Школа № 438,"Борисовский пр., д. 40, корп. 3",55.616275,37.724023
Школа № 463 имени Героя Советского Союза Д.Н.Медведева,ул. Судостроительная д.10 корп. 1,55.67927,37.671929
Школа № 492,"ул. Затонная, д. 7, корп.3",55.68092,37.687515
Школа № 494 имени Героя Российской Федерации А.Н. Рожкова,"1-й Автозаводский пр-д, д.2",55.704732,37.655634
Школа № 508,"ул. Элеваторная, д. 4, корп. 2",55.600501,37.655616
Школа № 534,"Ореховый пр., д.17,корп. .2",55.623697,37.734084
Школа № 547,"ул. Малая Тульская, д. 15",55.708912,37.619701
Школа № 556,"ул. Днепропетровская, д. 33А",55.616778,37.585368
Школа № 600,"ул. Хавская, д. 5",55.717568,37.614832
Школа № 629,"Варшавское шоссе, д. 156 Б",55.587687,37.595159
Школа № 657,ул. Подольских Курсантов д. 16 А,55.605668,37.619818
Школа № 851,"ул. Кировоградская, д.8 Г",55.627976,37.606721
Школа № 856,"Сумской пр., д. 12, корп.6",55.636285,37.60823
Школа № 867,"ул.Ключевая, д. 6, корп. 2",55.636956,37.755715
Школа № 868,"ул. Севанская, д. 13, корп. 2",55.621119,37.653397
Школа № 870,"ул. Веселая, д. 12.",55.624179,37.663368
Школа № 878,"Шипиловская пр., д. 37, корп. 2",55.62301,37.733581
Школа № 880,"ул. Чертановская, д. 44 А",55.609665,37.588647
Школа № 904,"Кавказский блв., д.16, корп. 2",55.633414,37.665488
Школа № 924,"ул. Газопровод, д. 5 А.",55.591421,37.605247
Школа № 932,"ул. Чертановская, д. 62 А",55.599265,37.58579
Школа № 933,"ул. Медынская, д.9 А",55.581927,37.65143
Школа № 935,"ул. Липецкая, д. 15, корп. 2",55.581062,37.688782
Школа № 937 имени Героя Российской Федерации А.В. Перова,"ул. Маршала Захарова, д. 25, корп. 2",55.619244,37.701134
Школа № 949,"ул. Воронежская, д. 46, к. 3",55.608811,37.753847
Школа № 975,"ул. Алма-Атинская, д. 9, корп. 3",55.639491,37.774185
Школа № 979,"ул. Тамбовская, д. 10.",55.602927,37.745825
Школа № 998,"ул. Борисовские пруды, д. 36, корп. 2",55.639933,37.766163
Школа № 1055,"ул. Судостроительная д. 31, корп. 2",55.684143,37.681227
Школа № 1173,"ул. Чертановская, д. 27.",55.616864,37.594297
Школа № 1179,"ул. Чертановская, д. 1А, корп. 3",55.63818,37.609146
Школа № 1623,"Варшавское шоссе, д. 126 А",55.624896,37.614428
Школа № 1929,"ул. Борисовские пруды д. 12,корп. 2",55.635406,37.743049
Школа № 2001,"Харьковский пр., д.9Б.",55.59163,37.640075
Школа № 2016,"Чонгарский блв., д.17.",55.652075,37.608302
Школа № 2017,"г .ул .Борисовские пруды, д.11, корп. 1.",55.636199,37.717869
Школа № 2113,"ул. Дорожная, д. 22А",55.599545,37.617653
Образовательный комплекс градостроительства Столица,"ул. Академика Петровского, д. 10",55.718953,37.60735
Школа № 1525,"2-й Красносельский пер., д 18",55.784364,37.6698
Образовательный комплекс градостроительства Столица,"ул. Академика Петровского, д. 10",55.718953,37.60735
ГБОУ Центр образования Самбо-70 Департамента физической культуры и спорта города Москвы,"ул. Академика Виноградова, дом 4Б",55.630878,37.487029
Воробьевы горы,"улица Косыгина, д. 17, корпус 3",55.702901,37.555139
Школа № 2007 ФМШ,"ул. Горчакова 9, корп 1",55.544749,37.532771
Лицей Вторая школа,"ул. Фотиевой, д.18",55.69798,37.556442
ГБОУ Школа-интернат №19,"Новочерёмушкинская улица, д. 48",55.67261,37.566952
Школа № 192,"Ленинский проспект, д. 34а",55.706741,37.57484
Школа № 1561,"Новоясеневский проспект, д. 38, к. 2",55.601828,37.543587
Школа № 1514,"улица Крупской, д. 12",55.685056,37.526816
Бауманская инженерная школа № 1580,"Балаклавский проспект, д. 6а",55.641656,37.612973
Школа № 2009,"улица Адмирала Руднева, д. 16, к. 1",55.540501,37.519243
Школа № 45 имени Л.И. Мильграма,"улица Гримау, дом 8",55.690654,37.579744
Школа № 17,"ул. Введенского, д. 28",55.636361,37.532331
Школа № 625,"ул. Шверника, д. 17, корп. 2",55.691958,37.593003
Школа № 1507,"Профсоюзная улица, дом 132, корпус 9",55.630868,37.507295
Школа № 1532,"ул. Теплый Стан, д. 13, к. 3",55.622466,37.491988
Школа № 1536,"Ленинский проспект, д. 83 А",55.680087,37.53932
Школа № 15,"ул. Херсонская, д. 27 А",55.65209,37.559703
Школа № 1273,"ул. Академика Капицы, д. 12",55.628972,37.522522
Школа № 1279 Эврика,"ул. Азовская, д. 2, к. 2",55.663639,37.603918
Школа № 1280,"Кржижановского ул., д. 30",55.675017,37.579008
Школа № 7,"улица Крупской, дом 17",55.68326,37.524013
ГБОУ Школа № 9 (СП СОШ №1514),"ул. Новаторов, д.34, корп.1-2",55.663563,37.525001
Школа № 46,"улица Обручева, дом 28А",55.657362,37.511984
Школа № 113,"ул. Профсоюзная, д. 118-Б",55.637642,37.516647
Школа № 554,"ул. Перекопская, д. 7, корп.3",55.656936,37.580256
Школа № 626 имени Н.И. Сац,"Севастопольский просп., д. 43А",55.671564,37.590057
Школа № 170 имени А.П.Чехова,"Профсоюзная улица, дом 96Б",55.649845,37.525001
Школа № 1100,"ул. Академика Челомея, д. 6а",55.662887,37.532277
Школа № 1980,"Чечёрский пр., д. 56",55.532482,37.528774
Школа № 2006,"ул. Грина, д. 18, корп. 3, стр. 1",55.565763,37.582358
Школа № 117,"улица Академика Пилюгина, дом 18, корпус 1",55.669194,37.534101
Школа № 1265,"улица Фотиевой, дом 14, корпус",55.699071,37.558266
Школа № 1368,"улица Академика Понтрягина, дом 17, корпус 1",55.533522,37.502813
Школа № 2109,"улица Маршала Савицкого, дом 6, корпус 4",55.50338,37.578981
Академическая школа № 1534,"улица Кедрова, дом 11",55.685092,37.574327
Школа № 2086,"Университетский проспект, 7",55.695073,37.548905
Школа № 1205,"улица Архитектора Власова, дом 19А",55.676844,37.554376
Школа № 1206,"Литовский бульвар, дом 3, корпус 3",55.614953,37.5334
Школа № 1354 Вектор,"Изюмская улица, дом 38, корпус 1",55.548136,37.563844
Школа № 2114,"бульвар Дмитрия Донского, дом 14А",55.565376,37.570608
Общеобразовательное частное учреждение «Газпром школа»,"ул. Новочерёмушкинская, д. 66",55.662293,37.559038
Школа с этнокультурным корейским компонентом образования № 1086 (ШО №3 школы №17),"улица Введенского, дом 32А",55.635177,37.528334
Школа № 2042 имени Лазаревых,"Одесская улица, дом 16, корпус 2",55.65656,37.588575
Школа № 1355,"Джанкойская улица, дом 7",55.540531,37.577822
Школа № 109,"ул. Бакулева, дом 20",55.640467,37.475701
Школа № 1948 Лингвист-М,"Новочерёмушкинская улица, дом 64, корпус 2",55.664634,37.559047
Школа № 1786,"ул. Адмирала Лазарева, д. 77",55.534591,37.495285
Школа-интернат № 17,"ул. Профсоюзная, д. № 62",55.666929,37.549633
Школа № 49,"ул. Генерала Антонова, д. 4А",55.643444,37.53402
Школа № 51,"Ленинский пр-т, д. 125, корп.4",55.644089,37.482214
Школа № 1356,"ул.Грина, д.18 б",55.567306,37.581595
Школа им. Н.М. Карамзина,"пр. Карамзина, д. 13, к. 3",55.592083,37.54038
Школа № 118,"ул. Строителей, д.15",55.68698,37.529654
Школа № 121,"ул. Гарибальди, д. 28, к. 3",55.66995,37.549085
Школа № 199,"ул. Дмитрия Ульянова, д. 15, к. 1",55.69008,37.571579
Школа № 536,"ул. Азовская, д. 41",55.643866,37.595483
Школа № 538 имени С.В. Гришина,"ул. Каховка, д.19, корп. 2",55.652283,37.577139
Школа № 1065,"ул. Скобелевская, д. 28",55.5448,37.553756
Школа № 1101,"ул. Академика Варги, д. 34",55.633297,37.477606
Школа № 1103 имени Героя Российской Федерации А.В. Соломатина,"Литовский бульв., д. 17, корп. 4",55.606065,37.552436
Школа № 1161,"ул. Изюмская, д.35А",55.551726,37.56892
Школа № 1174,"ул. Феодосийская, д. 11А",55.5636,37.575603
Школа № 1311,"Ленинский проспект, д. 97, к. 1",55.67127,37.523249
Школа № 1492,"ул. Адмирала Лазарева, д. 62, корп. 2",55.540491,37.50778
Школа № 1613,"ул. Ратная, д. 6 Б",55.573948,37.586697
Школа № 1694 Ясенево,"Литовский блв., д. 11, к. 6",55.612594,37.544494
Школа № 1883 Бутово,"ул. Поляны, д. 53",55.54947,37.547189
Школа № 1945 Синяя птица,"ул. Старокачаловская, вл.22",55.570472,37.584685
Школа № 1981,"ул. Бартеневская, д. 27",55.549322,37.530076
Школа № 1995,"ул. Саморы Машела, д. 6, корп. 3",55.64605,37.498653
Школа № 2103,"ул. Голубинская, д. 5, корп. 3",55.605536,37.517491
Школа № 2115,"ул. Новочеремушкинская, д.56, корп. 2",55.669315,37.563754
Школа № 1212,"Вильнюсская улица, дом 14",55.597943,37.517266
ОАНО школа «Ника»,"Малая Юшуньская улица, дом 4",55.654345,37.595034
Образовательный комплекс Юго-Запад,"ул. Дмитрия Ульянова, д. 26",55.684884,37.576133
Кадетская школа-интернат № 1 Первый Московский кадетский корпус,"улица Вучетича, дом 30, строение 1",55.815741,37.559685
Школа имени В.В. Маяковского,"ул. 1-я Дубровская, д. 16",55.723268,37.671624
"Колледж Архитектуры, Дизайна и Реинжиниринга № 26","ул. Цимлянская, д. 7, стр.1",55.668686,37.76999
Образовательный комплекс градостроительства Столица,"ул. Академика Петровского, д. 10",55.718953,37.60735
Школа № 1222 имени Маршала Советского Союза И.Х. Баграмяна,"Нижегородская улица, дом 67",55.732352,37.720043
Частная школа «Новое Образование» с дошкольным отделением,ул. Верхняя Хохловка д 1/7,55.733827,37.716432
Школа № 1186 имени Мусы Джалиля,"Белореченская улица, дом 19, корпус 2",55.672001,37.767591
"Школа № 439 Интеллект, СП СОШ № 1222","ул. Басовская, д. 7",55.738966,37.741288
Школа № 1524,"улица Гурьянова, дом 6, корпус 2",55.690872,37.71998
Школа № 1228 Лефортово,"Авиамоторная улица, д. 42",55.740669,37.720322
Школа № 1321 Ковчег,"Авиамоторная улица, д. 30а, к. 1",55.744667,37.719334
Школа № 1363,"Рязанский проспект, д. 82, к. 4",55.707588,37.823745
Школа № 1421 (СОШ им. Чуйкова),"улица Васильцовский Стан, д. 4",55.713253,37.753146
Школа имени Артема Боровика,"Братиславская улица, д. 4",55.665203,37.751314
Школа № 1793 имени Героя Советского Союза А.К. Новикова,"Жулебинский бульвар, д. 38",55.683894,37.847829
Школа № 1987,"Москва ул. Белореченская д. 36, к. 1",55.660541,37.776269
Школа № 2010 имени героя Советского Союза М.П. Судакова,"Белореченская улица, д. 8",55.672529,37.764276
Школа № 2087 Открытие,"улица Перерва, д. 44",55.651516,37.735566
Школа № 2089,"1-я Вольская улица, д. 9, к. 3",55.684346,37.920808
Марьинская школа № 1566 памяти Героев Сталинградской битвы,"Люблинская улица, дом 173А",55.647671,37.748681
Школа № 1208 имени Героя Советского Союза М.С. Шумилова,"ул. Зеленодольская, д. 33, корп. 3",55.707765,37.771211
Школа с углубленным изучением отдельных предметов № 1366,"ул. 1-ая Вольская, д.22, корп 2",55.682503,37.92644
Школа № 460 имени дважды Героев Советского Союза А.А. Головачёва и С.Ф. Шутова,"Белореченская ул., д.11",55.672062,37.769666
Школа на Юго-Востоке имени Маршала В.И. Чуйкова,"ул. Зеленодольская, д. 32, корп. 6",55.711584,37.766738
Школа № 1386,"Васильцовский пер., д. 1",55.716346,37.748996
Школа № 1935,"ул. Авиаконструктора Миля, д. 18, корп. 2",55.680488,37.855383
Школа № 2012 Миротворец (СП СОШ 1357),"ул. Верхние поля, д. 47, к. 1",55.666853,37.777967
Школа № 2090 имени Героя Советского Союза Л.Х. Паперника,"ул. 1-я Новокузьминская, д. 21",55.714389,37.792411
Школа № 2129 имени Героя Советского Союза П.И. Романова,"2-й Южнопортовый пр., д. 11, стр. 1",55.700207,37.682862
Школа № 654 имени А.Д. Фридмана,"Юных Ленинцев, д.35, к.2",55.700775,37.744648
Школа № 641 имени Сергея Есенина,"Волгоградский проспект, дом 66, корпус 4",55.704443,37.75691
Школа № 1547,"ул. Белореченская, д. 47, корпус 1",55.661928,37.777104
Школа № 1359 имени авиаконструктора М.Л. Миля,"Пронская улица, дом 4, корпус 1",55.701501,37.84534
Школа № 1367,"улица Васильцовский Стан, дом 6",55.714653,37.752176
"Московский Химический Лицей № 1303, СП школы на Юго-Востоке им. Маршала В.И. Чуйкова","Таможенный проезд, дом 4",55.751852,37.67917
Школа № 1344 с углубленным изучением химии и биологии (СП СОШ № 1420),"Чугунные Ворота ул., д. 11",55.695012,37.799876
Школа № 1357 На Братиславской,"Перервинский бульвар, дом 10, корпус 1",55.66014,37.764654
Школа № 1420,"ул. Ташкентская, д. 21, корп. 2",55.700796,37.814878
Школа № 491 Марьино,"Новочеркасский блв., д. 19",55.649048,37.722487
Школа № 1595,"2-я Вольская ул., д. 7, к. 2",55.688121,37.923116
Школа с углубленным изучением отдельных предметов № 415,"Танковый пр., д. 3А, стр. 1",55.757364,37.689779
Школа № 1256 имени Героя Советского Союза И.С. Полбина,"ул. Полбина, д. 44",55.680265,37.727023
Школа с углубленным изучением английского языка № 1319,"Мячковский блв., д. 21",55.652283,37.760045
Школа Кузьминки,"Есенинеский блв., д.14, к. 2",55.700547,37.774813
Школа с углубленным изучением отдельных предметов № 1393 Школа РОСТ," Ферганский пр., д. 10, корп. 5",55.697681,37.820062
Школа № 329 имени Героя Советского Союза А.С. Хлобыстова,"4-Вешняковский пр., д. 1, корп. 2",55.718689,37.792941
Школа № 338 имени Героя Советского Союза А.Ф. Авдеева,"ул. Мариупольская, д. 3",55.674966,37.741351
Школа Содружество,"ул. Красноказарменная, д. 11",55.757394,37.701017
Школа № 484 имени дважды Героя Советского Союза В.И.Попкова,"11-я ул. Текстильщиков, д. 6",55.70601,37.742124
Школа № 572 Возможности,"Тихорецкий б-р, д. 8 а",55.678895,37.771463
Школа № 687,"1-ая ул. Текстильщиков, д. 16",55.701227,37.740938
Школа Спектр,"ул. Гурьянова, д. 33",55.683945,37.719648
Школа № 773 Центр образования Печатники,"ул. Полбина, д. 18",55.688,37.729359
Школа № 777 имени Героя Советского Союза Е.В. Михайлова,"ул. Маёвок, д.4",55.728368,37.770034
Школа № 825,"ул. Окская, д. 16, корп. 3",55.710854,37.757278
Школа № 913 имени Героя Советского Союза С.Ф. Шутова,"ул. Степана Шутова, д. 8, корп. 3",55.674255,37.809686
Школа № 1143,"ул. Краснодарская, д. 9",55.67825,37.742276
Школа имени Ф.М. Достоевского,"ул. Краснодонская д.2, корп.4",55.686335,37.75108
Школа № 1394 На набережной,"Батайский пр., д. 47",55.643917,37.737623
Школа № 1423,"Перервинский блв., д.5, корп. 3",55.663679,37.767492
Школа № 1460,"ул. Привольная, д. 37",55.691542,37.851242
Школа № 1716 Эврика-Огонек,"ул. Верхние поля, д. 40, корп. 2.",55.665259,37.774517
Школа № 1877 Люблино,"Москква, ул. Краснодонская д. 40",55.668787,37.745933
Школа № 1905,"ул. Маршала Полубоярова, д. 22",55.68259,37.860019
Школа № 1908,"ул. Привольная,  д. 41",55.689162,37.84976
Школа № 1909 имени Героя Советского Союза А.К. Новикова,"ул. Маршала Полубоярова, д. 12",55.686462,37.862282
школа № 1959 Дети мира,"Перервинский блв., д.16, корп.1",55.655427,37.76981
Школа № 1989 Центр образования,"ул. Белореченская, д. 45, корп. 2",55.66372,37.776412
Школа № 1996,"Москва Капотня, 5-й квартал, д. 28",55.63158,37.797334
Школа № 2051,"просп. Защитников Москвы, д. 9, корп. 2",55.701668,37.918544
Школа № 2053,"ул. Покровская, д. 35",55.705721,37.919002
Школа № 2088 Грайвороново,"Волжский блв., д. 6, к. 3",55.717492,37.736896
Школа № 2092 имени И.Н.Кожедуба,"ул. Марьинский парк, д. 37",55.667934,37.789393
Школа Марьино имени маршала авиации А.Е. Голованова,"Батайский пр., д. 21",55.643287,37.718732
Школа № 2121 имени Маршала Советского Союза С.К. Куркоткина,"ул. Ставропольская, д. 20",55.67926,37.751987
Московский образовательный комплекс имени Виктора Талалихина,"ул. Полбина, д. 72, стр.1",55.668005,37.721265
Школа №2048,"улица Липчанского, дом 6А",55.703718,37.938181
Первый Московский Образовательный Комплекс,"ул. Тихомирова, д.10, корп.1",55.883772,37.652445
Московский колледж архитектуры и градостроительства,"Анадырский пр., д. 79, стр.1-2",55.884115,37.712812
Многопрофильная школа № 1955,"Тайнинская улица, дом 15, корпус 3",55.884822,37.683266
Школа № 285 имени В.А. Молодцова,"Ясный проезд, дом 21",55.877602,37.618273
Московский кадетский корпус Героев Космоса № 1783 (СП СОШ № 1220 с кадетскими классами),"ул. 3-я Новоостанкинская, д.6",55.817537,37.626654
Школа № 1095,"Енисейская улица, дом 32, корпус 3",55.872193,37.670483
Школа № 962,"улица Санникова, дом 3, корпус 3",55.859494,37.592923
Школа № 1188 (СП СОШ № 1955),"1-я Напрудная улица, дом 13",55.879884,37.691064
Школа № 1568 имени Пабло Неруды,"проезд Шокальского, д. 7, корпус 2",55.874511,37.642887
Школа № 760 имени А.П. Маресьева,"Ярославское шоссе, д. 147",55.880884,37.72034
Школа № 950,"улица Декабристов, д. 26а",55.86056,37.608895
Школа № 956,"Заповедная улица, д. 22",55.867465,37.642644
Школа № 967,"Сухонская улица, д. 13",55.878667,37.6524
Многопрофильная школа № 1537 Информационные технологии,"улица Проходчиков, дом 9",55.874258,37.719172
Многопрофильная школа № 1449 имени Героя Советского Союза М.В. Водопьянова,"Угличская улица, д. 6а",55.894636,37.570159
Школа № 1494,"Большая Марфинская улица, д. 1, к. 5",55.827808,37.592087
Школа № 1558 имени Росалии де Кастро,"Чукотский проезд, дом 6",55.868162,37.654089
Школа Глория,"Белозерская улица, д. 12",55.895615,37.616207
Школа № 1503,"ул. Павла Корчагина, д. 18",55.818007,37.662794
Школа № 1506,"ул. Широкая, д. 1А",55.88976,37.6509
Школа № 1518,"проспект Мира, дом 87",55.803646,37.635107
Школа № 1531 имени С. К. Годовикова,"улица Годовикова, дом 4, строение 3",55.803702,37.633068
Школа № 1539,"ул. Староалексеевская, д. 1",55.810324,37.641836
Школа № 1554,"улица Пестеля, дом 5",55.864439,37.613485
Школа Свиблово,"улица Седова, дом 4, корпус 1",55.852799,37.642186
Школа № 1573,"Псковская улица, дом 11",55.906623,37.552957
Гимназия МИИТ,"3-я Мытищинская улица, дом 12, строение 1",55.803175,37.645025
Школа Многопрофильный комплекс (ШМК) Бибирево,"ул. Коненкова, д. 8А",55.889649,37.610206
Школа № 1370,"ул. Костромская, д. 14, к. 1",55.883989,37.594405
Школа № 1381,"Янтарный пр., д. 2",55.872794,37.691647
Школа № 1413,"ул. Белозерская, д. 15",55.896847,37.617545
Школа № 1415 Останкино,"Останкинская 1-я ул., д. 29",55.824728,37.624525
Училище олимпийского резерва № 4 им. А.Я. Гомельского,"улица Лескова, дом 25А",55.893172,37.621615
Школа № 1412,"ул. Мурановская, д. 4 А",55.890977,37.60169
Школа № 281,"ул. Радужная, д. 7",55.859266,37.668426
Школа № 293 имени А.Т. Твардовского,"ул. Ярославская, д. 27",55.827403,37.653128
Школа № 763,"ул. Стартовая, д. 27, корп. 3",55.884232,37.693471
Школа № 1482,"ул. Заповедная, д. 12",55.867051,37.635377
Школа № 1499 имени Героя Советского Союза Ивана Архиповича Докукина,"ул. Ростокинская, д. 3",55.835432,37.660727
Университетская школа МГПУ,"2-й Сельскохозяйственный проезд, дом 4, корпус 1",55.833602,37.64348
Школа № 1236 имени С.В. Милашенкова,"улица Яблочкова, дом 35Г",55.824632,37.575055
Школа № 1411,"Северный бульвар, дом 1А",55.866531,37.601367
Школа Марьина Роща имени В.Ф. Орлова,"Октябрьская улица, дом 81",55.795909,37.611958
"Московский Шереметьевский кадетский корпус, МШКК (Кадетская школа № 1778)","ул. Коминтерна, д. 52",55.873799,37.696364
Многопрофильная школа № 1220,"Аргуновская улица, дом 12, корпус 2, строение 1",55.817633,37.621094
Школа № 1568 имени Пабло Неруды с углубленным изучением испанского и английского языков (СП №2),"проезд Шокальского 11, корпус 3",55.874264,37.641602
Многопрофильная школа № 1577,"Ярославское шоссе, д. 8, к. 6",55.852789,37.690426
Школа ШИК 16,"проспект Мира, д. 123",55.825027,37.643381
Школа № 1416 Лианозово,"ул. Новгородская, д. 8",55.893445,37.581388
Школа № 166,"Алтуфьевское шоссе, д. 97, корп. 3",55.903448,37.584002
Школа № 283,"ул. Широкая, д.21А",55.88928,37.670932
Школа № 305,"Путевой пр., д. 10А",55.875455,37.580014
Школа № 709,"ул. 9-я Северная линия, д. 1, к. 2.",55.935113,37.556307
Школа № 953,Шенкурский пр. 15,55.896251,37.589823
Школа № 1430 имени Героя Социалистического Труда Г.В. Кисунько,"ул. Новгородская, д. 21 А",55.900567,37.578029
Школа № 2044,"Дмитровское шоссе, д. 165Е, к. 8",55.926993,37.542671
Курчатовская школа,"улица Маршала Василевского, дом 7, корпус 1",55.80438,37.470913
Школа № 2097,"Аэродромная улица, дом 9",55.84674,37.430139
Школа № 138,"ул. Генерала Глаголева, д. 10, корп. 2",55.781185,37.46458
Школа № 1560 Лидер,"улица Маршала Тухачевского, дом 17, корпус 3",55.780502,37.48384
Школа № 1564 имени Героя Советского Союза А.П. Белобородова,"улица Рословка, дом 8",55.830255,37.360457
Школа № 1571,"улица Фомичёвой, дом 1, корпус 1",55.857457,37.446883
Школа № 1089 Коллаж (СП школы № 138),"ул. Берзарина, 19, корп. 2",55.786571,37.476339
Школа № 1358,"Пятницкое шоссе, дом 45, корпус 2",55.856492,37.34682
Школа № 1517,"Живописная улица, дом 11, корпус 1",55.785078,37.453163
Школа № 1519,"ул. Маршала Катукова, д. 21, к. 2",55.80739,37.412496
Школа № 1522 имени В.И. Чуркина,"ул. Народного Ополчения, д.16, корп. 4.",55.772846,37.482214
Школа № 1538,"Новотушинский проезд, дом 8, корпус 2",55.839749,37.381405
Школа № 1544,"ул. Пенягинская, д. 14",55.836059,37.359513
Школа № 1551,"ул.Свободы, д. 42, корп.2.",55.846558,37.456037
Школа № 1619 имени М.И. Цветаевой,"ул. Таллинская, д. 20, корп. 4.",55.797063,37.40486
Школа № 1210,"ул. Гамалеи, д. 17, корп. 1.",55.800195,37.457124
Школа № 1302,"ул. Исаковского, д. 29, корп. 1",55.806616,37.41935
Кадетский корпус Колледжа полиции,"ул. Маршала Тухачевского, дом 46",55.786354,37.465712
Школа № 1298 Профиль Куркино,"ул. Юровская, д. 97.",55.900128,37.382393
Школа № 1747,"3-й Митинский пер., д. 12, корп. 1",55.846249,37.3523
Школа № 1900,"ул. Дубравная, д. 41, к. 3",55.841397,37.361211
Школа № 1286,"улица Героев Панфиловцев, дом 15",55.856694,37.42686
Школа-интернат №11 с углубленным изучением китайского языка (СП СОШ № 1517),"Карамышевская набережная, 38",55.769524,37.47156
Школа № 1285,"Вишнёвая улица, дом 20, корпус 1",55.833814,37.448662
Школа № 1387,"Соколово-Мещерская улица, дом 27",55.903973,37.382825
Школа № 1944,"ул. Барышиха, дом 17, корп.1",55.842378,37.349183
Школа № 1399,"улица Вилиса Лациса, дом 33, корпус 2",55.858589,37.410088
ГБОУ школа № 1212 Щукино,"улица Маршала Рыбалко, дом 14",55.799133,37.487164
Школа № 86 имени М.Е. Катукова,"ул. Маршала Катукова, д. 12 корп. 3.",55.807319,37.40274
Дворец творчества детей и молодежи Неоткрытые острова,"Ангелов пер., д. 2, корп.2.",55.855007,37.348482
Московский государственный образовательный комплекс,"ул. Вишневая, д. 5",55.828576,37.444736
Школа № 1515,"ул. Народного Ополчения, д. 27, корп. 2.",55.780461,37.477336
Школа № 69 имени Б.Ш. Окуджавы,"ул. Кулакова, д. 2, корп. 2.",55.815782,37.398464
Школа № 89 имени А.П. Маресьева,"ул. Кулакова, д.12, корп.2.",55.810284,37.394772
Школа № 705,"ул. Кулакова, д.25, корп.2 .",55.802305,37.394934
Школа № 827,ул. Героев Панфиловцев д. 35 корп. 2.,55.855047,37.413322
Школа № 830,"ул. Большая Набережная, 23",55.833091,37.459352
Школа № 883,"Москва. ул. Планерная, д. 5, корп. 2",55.860438,37.431522
Школа № 1005 Алые паруса,"ул. Авиационная, д. 71, к. 3",55.807117,37.452327
Школа № 1056,"ул. Штурвальная, д.7, корп. 2.",55.848316,37.444018
Школа № 1155,"ул.Таллинская, д.16, корп. 4",55.79681,37.400791
Школа № 1190,"Пятницкое шоссе, д. 25 корп. 3.",55.847503,37.364939
Школа № 1191,"ул. Митинская, д.48, корп.2.",55.850833,37.357762
Школа № 1874,"ул. Маршала Новикова, д. 13",55.803074,37.463143
Школа № 1985,"ул. Ландышевая, д. 8.",55.886963,37.392248
Школа № 2005,"ул. Родионовская, д. 6/7",55.894515,37.397575
Школа № 1557 имени Петра Леонидовича Капицы,"Зеленоград, корпус 509",55.998,37.231566
Школа № 1528 имени Героя Советского Союза И.В. Панфилова,"Зеленоград, корп. 817",55.976302,37.190765
Школа № 1194,"Зеленоград, корп. 1556",55.979903,37.153691
Школа № 2045,"Зеленоград, корп.2312",55.967809,37.191142
Школа № 853,"Зеленоград, корпус 913А",55.985005,37.192247
Школа № 1151,"Зеленоград, корпус 1469",55.987442,37.155614
Школа № 1912 имени Бауыржана Момышулы,"Зеленоград, корпус 1816",55.9822,37.164956
Школа № 1353 имени генерала Д.Ф. Алексеева,"Зеленоград, Берёзовая аллея, дом 8А",55.995282,37.202524
Школа № 609,"Зеленоград, корп. 314",55.997985,37.220921
Школа № 618,"Зеленоград, корп. 429А",55.993877,37.207653
Школа № 718,"Зеленоград, корпуc 1214",55.993248,37.192687
Школа № 719,"Зеленоград, кор. 921 А",55.984557,37.186138
Школа № 842,"Зеленоград, к. 142",56.005848,37.211821
Школа № 852,"124460. Зеленоград, корп.1115",55.997149,37.186138
Школа № 854,"Зеленоград, корп.603А",55.991531,37.228314
Школа № 1150 имени дважды Героя Советского Союза К.К. Рокоссовского,"Зеленоград, корп. 1609",55.975531,37.153323
Школа № 1692,"Зеленоград, корп.1016",55.987352,37.176518
Школа № 1739,"Зеленоград, к. 1555",55.981006,37.153682
Школа Летово,"пос. Сосенское, ул. Зимёнковская, д.3",55.557536,37.422674
Школа № 1392 имени Д.В. Рябинкина,поселок Ватутинки-1,55.505546,37.332097
Школа № 1788,"улица Авиаконструктора Петлякова, дом 17",55.622039,37.309208
Школа № 2057,"дачный посёлок Кокошкино, Дачная улица, дом 3А",55.597821,37.160788
Школа № 2065,"Московский, 3-й микрорайон, дом 8",55.595506,37.346802
Школа № 2070,"посёлок Коммунарка, Фитарёвская улица, дом 9А",55.571958,37.480669
Школа № 2083,"посёлок Знамя Октября, микрорайон «Родники», дом 11",55.469255,37.541
Школа № 2120,"улица Атласова, дом 7, корпус 3",55.600776,37.360295
Школа № 2117,"Щербинка, улица 40 лет Октября, дом 5/1",55.511771,37.57006
Школа № 2122,"Щербинка, улица Авиаторов, дом 9",55.514773,37.531118
Образовательный комплекс Юго-Запад,"ул. Дмитрия Ульянова, д. 26",55.684884,37.576133
Гимназия г.Троицка,"Троицк, микрорайон «В», дом 53",55.490136,37.299695
Школа № 1391,"рабочий поселок Киевский, дом 7А",55.430222,36.870983
Школа № 2073,"посёлок ЛМС, микрорайон «Центральный», дом 34, строение 3",55.313926,37.181656
Школа № 2075,"поселение Краснопахорское, село Красная Пахра, дом 23",55.42635,37.268244
Гимназия имени Н.В.Пушкова,"Троицк, Школьная улица, дом 10",55.474362,37.300799
Физико-математический лицей № 5,"Московская область, Долгопрудный, улица Советская, дом 6.",55.93418,37.517473
Горчаковский лицей МГИМО,"Московская обл., Одинцово, ул. Ново-Cпортивная, д. 3",55.358693,37.739186
СОШ №8 г. Жуковский с углубленным изучением отдельных предметов,"Московская область, Жуковский, ул. Фрунзе, 8",55.600206,38.127402
Открытая (сменная) общеобразовательная средняя школа № 1,"Московская область, Коломна, ул. Калинина д.49",55.074592,38.776525
